<?xml version="1.0" encoding="UTF-8"?>
<Configuration status="OFF">

	<Properties>
		<Property name="LOG_LOC">logs</Property>
		<Property name="MAX">5</Property>
		<Property name="LOG_PATTERN">[%-5level][%d{yyyy-MM-dd HH:mm:ss.SSS zzz}][%t] %C{1}:%M:%L => %m%n
		</Property>
	</Properties>

	<Appenders>
		<RollingFile name="FILE" fileName="${LOG_LOC}/spectra-engine.log"
			filePattern="${LOG_LOC}/spectra-engine.log.%d{yyyy-MM-dd-hh-mm}.gz">
			<PatternLayout>
				<Pattern>${LOG_PATTERN}</Pattern>
			</PatternLayout>

			<Policies>
				<OnStartupTriggeringPolicy />
			</Policies>

			<DefaultRolloverStrategy max="${MAX}" />
		</RollingFile>

		<Console name="STDOUT" target="SYSTEM_OUT" follow="true">
			<PatternLayout pattern="${LOG_PATTERN}" />
		</Console>
	</Appenders>

	<Loggers>
		<Logger name="com.cacib.acf.app.spectra.engine" level="debug" />

		<Logger name="file" level="debug" additivity="false">
			<appender-ref ref="FILE" />
		</Logger>

		<Root level="info">
			<AppenderRef ref="FILE" />
			<AppenderRef ref="STDOUT" />
		</Root>
	</Loggers>

</Configuration>